[
    {
        "index": 84,
        "data": [
            {
                "etherwarps": [
                    [
                        23.5,
                        83,
                        12.5
                    ]
                ],
                "mines": [],
                "locations": [
                    [
                        -4,
                        68,
                        16
                    ],
                    [
                        23,
                        83,
                        13
                    ],
                    [
                        24,
                        84,
                        13
                    ],
                    [
                        24,
                        85,
                        13
                    ],
                    [
                        25,
                        85,
                        13
                    ],
                    [
                        25,
                        84,
                        12
                    ],
                    [
                        25,
                        84,
                        11
                    ],
                    [
                        26,
                        84,
                        11
                    ],
                    [
                        27,
                        84,
                        9
                    ],
                    [
                        26,
                        84,
                        6
                    ],
                    [
                        23,
                        84,
                        5
                    ],
                    [
                        19,
                        84,
                        5
                    ],
                    [
                        19,
                        85,
                        5
                    ]
                ],
                "interacts": [
                    {
                        "loc": [
                            17.5,
                            84,
                            5.5
                        ],
                        "type": "interact"
                    }
                ],
                "tnts": []
            },
            {
                "etherwarps": [
                    [
                        -1.5,
                        85,
                        23.5
                    ]
                ],
                "mines": [
                    [
                        -2.5,
                        84.5,
                        23.5
                    ]
                ],
                "locations": [
                    [
                        19,
                        85,
                        5
                    ],
                    [
                        21,
                        85,
                        5
                    ],
                    [
                        22,
                        84,
                        5
                    ],
                    [
                        25,
                        84,
                        7
                    ],
                    [
                        26,
                        84,
                        10
                    ],
                    [
                        25,
                        84,
                        13
                    ],
                    [
                        24,
                        85,
                        13
                    ],
                    [
                        24,
                        84,
                        14
                    ],
                    [
                        23,
                        83,
                        14
                    ],
                    [
                        -2,
                        85,
                        24
                    ],
                    [
                        -2,
                        84,
                        24
                    ],
                    [
                        -3,
                        84,
                        24
                    ],
                    [
                        -6,
                        84,
                        24
                    ],
                    [
                        -8,
                        83,
                        24
                    ],
                    [
                        -8,
                        81,
                        24
                    ],
                    [
                        -8,
                        84,
                        24
                    ],
                    [
                        -11,
                        83,
                        24
                    ],
                    [
                        -15,
                        83,
                        24
                    ],
                    [
                        -18,
                        83,
                        24
                    ],
                    [
                        -21,
                        83,
                        25
                    ]
                ],
                "interacts": [
                    {
                        "loc": [
                            -21.5,
                            83,
                            25.5
                        ],
                        "type": "interact"
                    }
                ],
                "tnts": []
            },
            {
                "etherwarps": [
                    [
                        -18.5,
                        91,
                        24.5
                    ],
                    [
                        -9.5,
                        83,
                        2.5
                    ]
                ],
                "mines": [],
                "locations": [
                    [
                        -21,
                        83,
                        25
                    ],
                    [
                        -19,
                        92,
                        25
                    ],
                    [
                        -19,
                        91,
                        25
                    ],
                    [
                        -17,
                        91,
                        22
                    ],
                    [
                        -17,
                        91,
                        21
                    ],
                    [
                        -15,
                        91,
                        18
                    ],
                    [
                        -16,
                        91,
                        21
                    ],
                    [
                        -16,
                        91,
                        19
                    ],
                    [
                        -15,
                        90,
                        17
                    ],
                    [
                        -15,
                        88,
                        16
                    ],
                    [
                        -14,
                        86,
                        13
                    ],
                    [
                        -15,
                        86,
                        10
                    ],
                    [
                        -15,
                        84,
                        8
                    ],
                    [
                        -15,
                        83,
                        6
                    ],
                    [
                        -16,
                        83,
                        4
                    ],
                    [
                        -10,
                        84,
                        3
                    ],
                    [
                        -10,
                        83,
                        3
                    ],
                    [
                        -8,
                        83,
                        3
                    ]
                ],
                "interacts": [
                    {
                        "loc": [
                            -4.5,
                            84,
                            1.5
                        ],
                        "type": "interact"
                    }
                ],
                "tnts": []
            },
            {
                "etherwarps": [
                    [
                        -4.5,
                        88,
                        1.5
                    ],
                    [
                        -4.5,
                        92,
                        1.5
                    ]
                ],
                "mines": [],
                "locations": [
                    [
                        -8,
                        83,
                        3
                    ],
                    [
                        -5,
                        89,
                        2
                    ],
                    [
                        -5,
                        88,
                        2
                    ],
                    [
                        -5,
                        92,
                        2
                    ]
                ],
                "interacts": [
                    {
                        "loc": [
                            -4.5,
                            93,
                            1.5
                        ],
                        "type": "interact"
                    }
                ],
                "tnts": []
            },
            {
                "etherwarps": [],
                "mines": [],
                "locations": [
                    [
                        -5,
                        92,
                        2
                    ],
                    [
                        -8,
                        92,
                        2
                    ],
                    [
                        -11,
                        92,
                        1
                    ],
                    [
                        -11,
                        96,
                        1
                    ],
                    [
                        -11,
                        97,
                        1
                    ],
                    [
                        -13,
                        96,
                        1
                    ],
                    [
                        -13,
                        97,
                        1
                    ],
                    [
                        -13,
                        96,
                        1
                    ],
                    [
                        -13,
                        92,
                        1
                    ],
                    [
                        -13,
                        92,
                        2
                    ],
                    [
                        -13,
                        92,
                        1
                    ],
                    [
                        -13,
                        93,
                        1
                    ],
                    [
                        -13,
                        92,
                        1
                    ]
                ],
                "interacts": [
                    {
                        "loc": [
                            -16.5,
                            92,
                            0.5
                        ],
                        "type": "interact"
                    }
                ],
                "tnts": []
            },
            {
                "etherwarps": [
                    [
                        -6.5,
                        91,
                        8.5
                    ]
                ],
                "mines": [],
                "locations": [
                    [
                        -13,
                        92,
                        1
                    ],
                    [
                        -13,
                        93,
                        1
                    ],
                    [
                        -13,
                        93,
                        2
                    ],
                    [
                        -14,
                        92,
                        2
                    ],
                    [
                        -15,
                        92,
                        2
                    ],
                    [
                        -16,
                        92,
                        2
                    ],
                    [
                        -18,
                        92,
                        3
                    ],
                    [
                        -18,
                        92,
                        4
                    ],
                    [
                        -18,
                        92,
                        5
                    ],
                    [
                        -18,
                        93,
                        5
                    ],
                    [
                        -18,
                        94,
                        5
                    ],
                    [
                        -18,
                        93,
                        8
                    ],
                    [
                        -18,
                        92,
                        9
                    ],
                    [
                        -18,
                        90,
                        10
                    ],
                    [
                        -18,
                        87,
                        11
                    ],
                    [
                        -18,
                        84,
                        11
                    ],
                    [
                        -18,
                        83,
                        11
                    ],
                    [
                        -7,
                        91,
                        9
                    ],
                    [
                        -8,
                        91,
                        8
                    ],
                    [
                        -8,
                        93,
                        8
                    ],
                    [
                        -8,
                        92,
                        8
                    ],
                    [
                        -10,
                        92,
                        10
                    ],
                    [
                        -10,
                        90,
                        10
                    ],
                    [
                        -10,
                        87,
                        11
                    ],
                    [
                        -8,
                        86,
                        11
                    ],
                    [
                        -7,
                        85,
                        12
                    ],
                    [
                        -7,
                        83,
                        12
                    ],
                    [
                        -5,
                        83,
                        10
                    ],
                    [
                        -1,
                        83,
                        11
                    ],
                    [
                        3,
                        83,
                        12
                    ],
                    [
                        7,
                        83,
                        12
                    ],
                    [
                        9,
                        82,
                        12
                    ],
                    [
                        11,
                        80,
                        13
                    ],
                    [
                        12,
                        77,
                        13
                    ],
                    [
                        13,
                        73,
                        14
                    ],
                    [
                        14,
                        68,
                        14
                    ],
                    [
                        15,
                        62,
                        15
                    ],
                    [
                        15,
                        55,
                        15
                    ],
                    [
                        15,
                        48,
                        16
                    ],
                    [
                        13,
                        46,
                        16
                    ],
                    [
                        10,
                        46,
                        17
                    ],
                    [
                        7,
                        46,
                        17
                    ],
                    [
                        3,
                        46,
                        17
                    ],
                    [
                        -1,
                        46,
                        16
                    ],
                    [
                        -6,
                        46,
                        16
                    ],
                    [
                        -9,
                        45,
                        15
                    ],
                    [
                        -12,
                        45,
                        14
                    ],
                    [
                        -17,
                        47,
                        13
                    ],
                    [
                        -20,
                        48,
                        11
                    ],
                    [
                        -23,
                        48,
                        10
                    ],
                    [
                        -24,
                        49,
                        10
                    ],
                    [
                        -24,
                        48,
                        10
                    ],
                    [
                        -24,
                        47,
                        10
                    ],
                    [
                        -25,
                        48,
                        10
                    ],
                    [
                        -25,
                        47,
                        10
                    ],
                    [
                        -25,
                        36,
                        10
                    ],
                    [
                        -25,
                        35,
                        10
                    ],
                    [
                        -25,
                        34,
                        10
                    ],
                    [
                        -25,
                        33,
                        10
                    ],
                    [
                        -14,
                        29,
                        10
                    ],
                    [
                        -14,
                        28,
                        10
                    ]
                ],
                "interacts": [
                    {
                        "loc": [
                            -9.5,
                            28,
                            9.5
                        ],
                        "type": "interact"
                    }
                ],
                "tnts": []
            },
            {
                "etherwarps": [],
                "mines": [],
                "locations": [
                    [
                        -14,
                        28,
                        10
                    ],
                    [
                        -25,
                        34,
                        10
                    ],
                    [
                        -25,
                        35,
                        10
                    ],
                    [
                        -25,
                        36,
                        10
                    ],
                    [
                        -25,
                        47,
                        10
                    ],
                    [
                        -25,
                        48,
                        10
                    ],
                    [
                        -24,
                        48,
                        10
                    ],
                    [
                        -24,
                        49,
                        10
                    ],
                    [
                        -23,
                        48,
                        10
                    ],
                    [
                        -21,
                        48,
                        10
                    ],
                    [
                        -20,
                        47,
                        10
                    ],
                    [
                        -19,
                        47,
                        11
                    ],
                    [
                        -20,
                        47,
                        10
                    ],
                    [
                        -20,
                        47,
                        9
                    ],
                    [
                        -14,
                        48,
                        1
                    ],
                    [
                        -13,
                        48,
                        0
                    ],
                    [
                        -14,
                        49,
                        -3
                    ],
                    [
                        -15,
                        49,
                        -7
                    ],
                    [
                        -15,
                        49,
                        -11
                    ],
                    [
                        -14,
                        49,
                        -15
                    ],
                    [
                        -13,
                        49,
                        -19
                    ],
                    [
                        -13,
                        49,
                        -23
                    ],
                    [
                        -13,
                        50,
                        -24
                    ],
                    [
                        -13,
                        50,
                        -26
                    ],
                    [
                        -13,
                        50,
                        -28
                    ],
                    [
                        -11,
                        50,
                        -27
                    ],
                    [
                        -9,
                        50,
                        -27
                    ]
                ],
                "interacts": [
                    {
                        "loc": [
                            -3.5,
                            50,
                            -26.5
                        ],
                        "type": "interact"
                    }
                ],
                "tnts": []
            },
            {
                "etherwarps": [],
                "mines": [],
                "locations": [
                    [
                        -9,
                        50,
                        -27
                    ],
                    [
                        -10,
                        50,
                        -28
                    ],
                    [
                        -11,
                        50,
                        -29
                    ],
                    [
                        -13,
                        50,
                        -26
                    ],
                    [
                        -13,
                        50,
                        -24
                    ],
                    [
                        -14,
                        50,
                        -22
                    ],
                    [
                        -16,
                        50,
                        -20
                    ],
                    [
                        -18,
                        49,
                        -19
                    ],
                    [
                        -21,
                        50,
                        -16
                    ],
                    [
                        -23,
                        52,
                        -14
                    ],
                    [
                        -25,
                        53,
                        -10
                    ],
                    [
                        -26,
                        55,
                        -8
                    ],
                    [
                        -26,
                        55,
                        -5
                    ],
                    [
                        -26,
                        55,
                        -3
                    ],
                    [
                        -24,
                        55,
                        -3
                    ],
                    [
                        -20,
                        55,
                        -3
                    ],
                    [
                        -17,
                        55,
                        -2
                    ],
                    [
                        -13,
                        55,
                        -2
                    ],
                    [
                        -10,
                        55,
                        -3
                    ],
                    [
                        -9,
                        55,
                        -2
                    ],
                    [
                        -9,
                        67,
                        -7
                    ],
                    [
                        -9,
                        66,
                        -7
                    ],
                    [
                        -9,
                        68,
                        -9
                    ],
                    [
                        -9,
                        69,
                        -12
                    ],
                    [
                        -10,
                        69,
                        -16
                    ],
                    [
                        -14,
                        69,
                        -17
                    ],
                    [
                        -16,
                        69,
                        -17
                    ],
                    [
                        -17,
                        69,
                        -17
                    ],
                    [
                        -18,
                        69,
                        -16
                    ]
                ],
                "interacts": [],
                "tnts": []
            }
        ]
    },
    {
        "index": 12,
        "data": [
            {
                "etherwarps": [
                    [
                        2.5,
                        80,
                        -1.5
                    ]
                ],
                "mines": [
                    [
                        1.5,
                        83.5,
                        -0.5
                    ]
                ],
                "locations": [
                    [
                        -7,
                        69,
                        3
                    ],
                    [
                        -6,
                        69,
                        3
                    ],
                    [
                        -3,
                        69,
                        0
                    ],
                    [
                        -1,
                        69,
                        -2
                    ],
                    [
                        0,
                        69,
                        -4
                    ],
                    [
                        1,
                        69,
                        -5
                    ],
                    [
                        3,
                        69,
                        -7
                    ],
                    [
                        3,
                        69,
                        -10
                    ],
                    [
                        5,
                        69,
                        -12
                    ],
                    [
                        8,
                        69,
                        -12
                    ],
                    [
                        11,
                        69,
                        -10
                    ],
                    [
                        11,
                        69,
                        -8
                    ],
                    [
                        11,
                        69,
                        -9
                    ],
                    [
                        10,
                        69,
                        -12
                    ],
                    [
                        7,
                        69,
                        -12
                    ],
                    [
                        3,
                        69,
                        -11
                    ],
                    [
                        2,
                        69,
                        -8
                    ],
                    [
                        1,
                        69,
                        -4
                    ],
                    [
                        1,
                        69,
                        -3
                    ],
                    [
                        2,
                        69,
                        -3
                    ],
                    [
                        2,
                        80,
                        -1
                    ],
                    [
                        1,
                        80,
                        0
                    ],
                    [
                        1,
                        80,
                        1
                    ],
                    [
                        1,
                        80,
                        0
                    ],
                    [
                        1,
                        80,
                        1
                    ],
                    [
                        0,
                        80,
                        3
                    ],
                    [
                        -1,
                        78,
                        5
                    ],
                    [
                        -2,
                        76,
                        5
                    ],
                    [
                        -3,
                        75,
                        5
                    ],
                    [
                        -4,
                        73,
                        5
                    ],
                    [
                        -4,
                        70,
                        5
                    ],
                    [
                        -5,
                        69,
                        5
                    ]
                ],
                "interacts": [],
                "tnts": [
                    [
                        3.5,
                        70.5,
                        -7.5
                    ]
                ]
            }
        ]
    }
]